technology,parameter,value,unit,source,type,note,ref_size_MW,EP_ratio_h,year,currency_year,type,carrier_store,carrier_in,carrier_out,p_store_bar,p_in_bar,p_out_bar,t_store_celsius,t_in_celsius,t_out_celsius,purity_store,purity_in,purity_out
Lithium-Ion-LFP-Energy,investment,109.45,$/kWh,25,DC storage block,p.24 (p.46),10,24,2030,,,,,,,,,,,,,,
Lithium-Ion-LFP-Energy,investment,27.57,$/kWh,25,DC storage BOS,p.24 (p.46),10,24,2030,,,,,,,,,,,,,,
Lithium-Ion-LFP-Power,investment,64.62,$/kW,25,Power Equipment,p.24 (p.46),10,24,2030,,,,,,,,,,,,,,
Lithium-Ion-LFP-Power,investment,5.78,$/kW,25,Controll and Communication,p.24 (p.46),10,24,2030,,,,,,,,,,,,,,
Lithium-Ion-LFP-Energy,investment,35.19,$/kWh,25,System integration,p.24 (p.46),10,24,2030,,,,,,,,,,,,,,
Lithium-Ion-LFP-Energy,investment,42.26,$/kWh,25,EPC,p.24 (p.46),10,24,2030,,,,,,,,,,,,,,
Lithium-Ion-LFP-Energy,investment,50.71,$/kWh,25,Project Development,p.24 (p.46),10,24,2030,,,,,,,,,,,,,,
Lithium-Ion-LFP-Power,investment,21.05,$/kW,25,Grid integration,p.24 (p.46),10,24,2030,,,,,,,,,,,,,,
Lithium-Ion-LFP-Energy,FOM,0.118551,$/kWh-year,,derived,0.43 % of SB,10,24,2030,,,,,,,,,,,,,,
Lithium-Ion-LFP-Power,FOM,19.386,$/kW-year,,derived,30% assumed of power components every 10 years,10,24,2030,,,,,,,,,,,,,,
Lithium-Ion-LFP-Energy,decommissioning,0,$/kWh,25,,p.24 (p.46),10,24,2030,,,,,,,,,,,,,,
Lithium-Ion-LFP-Power,efficiency,0.919347595,,25,"AC-AC efficiency at transformer level, 0.8452^0.5",p.24 (p.46),10,24,2030,,,,,,,,,,,,,,
Lithium-Ion-LFP-Power,lifetime,16,years,25,,p.24 (p.46),10,24,2030,,,,,,,,,,,,,,
Lithium-Ion-LFP-Energy,lifetime,16,years,25,,p.24 (p.46),10,24,2030,,,,,,,,,,,,,,
Lithium-Ion-LFP-Energy,investment,167.25,$/kWh,25,DC storage block,p.24 (p.46),10,24,2021,,,,,,,,,,,,,,
Lithium-Ion-LFP-Energy,investment,36.92,$/kWh,25,DC storage BOS,p.24 (p.46),10,24,2021,,,,,,,,,,,,,,
Lithium-Ion-LFP-Power,investment,73.05,$/kW,25,Power Equipment,p.24 (p.46),10,24,2021,,,,,,,,,,,,,,
Lithium-Ion-LFP-Power,investment,7.75,$/kW,25,Controll and Communication,p.24 (p.46),10,24,2021,,,,,,,,,,,,,,
Lithium-Ion-LFP-Energy,investment,41.48,$/kWh,25,System integration,p.24 (p.46),10,24,2021,,,,,,,,,,,,,,
Lithium-Ion-LFP-Energy,investment,49.8,$/kWh,25,EPC,p.24 (p.46),10,24,2021,,,,,,,,,,,,,,
Lithium-Ion-LFP-Energy,investment,59.76,$/kWh,25,Project Development,p.24 (p.46),10,24,2021,,,,,,,,,,,,,,
Lithium-Ion-LFP-Power,investment,24.81,$/kW,25,Grid integration,p.24 (p.46),10,24,2021,,,,,,,,,,,,,,
Lithium-Ion-LFP-Energy,FOM,0.158756,$/kWh-year,,derived,0.43 % of SB,10,24,2021,,,,,,,,,,,,,,
Lithium-Ion-LFP-Power,FOM,21.915,$/kW-year,,derived,30% assumed of power components every 10 years,10,24,2021,,,,,,,,,,,,,,
Lithium-Ion-LFP-Energy,decommissioning,2.65,$/kWh,25,,p.24 (p.46),10,24,2021,,,,,,,,,,,,,,
Lithium-Ion-LFP-Power,efficiency,0.908790405,,25,"AC-AC efficiency at transformer level, 0.8259^0.5",p.24 (p.46),10,24,2021,,,,,,,,,,,,,,
Lithium-Ion-LFP-Power,lifetime,16,years,25,,p.24 (p.46),10,24,2021,,,,,,,,,,,,,,
Lithium-Ion-LFP-Energy,lifetime,16,years,25,,p.24 (p.46),10,24,2021,,,,,,,,,,,,,,
Lithium-Ion-NMC-Energy,investment,129.37,$/kWh,25,DC storage block,p.24 (p.46),10,24,2030,,,,,,,,,,,,,,
Lithium-Ion-NMC-Energy,investment,26.68,$/kWh,25,DC storage BOS,p.24 (p.46),10,24,2030,,,,,,,,,,,,,,
Lithium-Ion-NMC-Power,investment,64.62,$/kW,25,Power Equipment,p.24 (p.46),10,24,2030,,,,,,,,,,,,,,
Lithium-Ion-NMC-Power,investment,5.78,$/kW,25,Controll and Communication,p.24 (p.46),10,24,2030,,,,,,,,,,,,,,
Lithium-Ion-NMC-Energy,investment,40.16,$/kWh,25,System integration,p.24 (p.46),10,24,2030,,,,,,,,,,,,,,
Lithium-Ion-NMC-Energy,investment,48.22,$/kWh,25,EPC,p.24 (p.46),10,24,2030,,,,,,,,,,,,,,
Lithium-Ion-NMC-Energy,investment,57.86,$/kWh,25,Project Development,p.24 (p.46),10,24,2030,,,,,,,,,,,,,,
Lithium-Ion-NMC-Power,investment,21.05,$/kW,25,Grid integration,p.24 (p.46),10,24,2030,,,,,,,,,,,,,,
Lithium-Ion-NMC-Energy,FOM,0.114724,$/kWh-year,25,derived,"0.43 % of SB, =(C38+C39)*0.43/4",10,24,2030,,,,,,,,,,,,,,
Lithium-Ion-NMC-Power,FOM,19.386,$/kW-year,25,derived,"30% assumed of power components every 10 years, =(C39)*0.3",10,24,2030,,,,,,,,,,,,,,
Lithium-Ion-NMC-Energy,decommissioning,0,$/kWh,25,,p.24 (p.46),10,24,2030,,,,,,,,,,,,,,
Lithium-Ion-NMC-Power,efficiency,0.919347595,,25,"AC-AC efficiency at transformer level, 0.8452^0.5",p.24 (p.46),10,24,2030,,,,,,,,,,,,,,
Lithium-Ion-NMC-Power,lifetime,13,years,25,,p.24 (p.46),10,24,2030,,,,,,,,,,,,,,
Lithium-Ion-NMC-Energy,lifetime,13,years,25,,p.24 (p.46),10,24,2030,,,,,,,,,,,,,,
Lithium-Ion-NMC-Energy,investment,197.7,$/kWh,25,DC storage block,p.24 (p.46),10,24,2021,,,,,,,,,,,,,,
Lithium-Ion-NMC-Energy,investment,35.73,$/kWh,25,DC storage BOS,p.24 (p.46),10,24,2021,,,,,,,,,,,,,,
Lithium-Ion-NMC-Power,investment,73.05,$/kW,25,Power Equipment,p.24 (p.46),10,24,2021,,,,,,,,,,,,,,
Lithium-Ion-NMC-Power,investment,7.75,$/kW,25,Controll and Communication,p.24 (p.46),10,24,2021,,,,,,,,,,,,,,
Lithium-Ion-NMC-Energy,investment,47.33,$/kWh,25,System integration,p.24 (p.46),10,24,2021,,,,,,,,,,,,,,
Lithium-Ion-NMC-Energy,investment,56.82,$/kWh,25,EPC,p.24 (p.46),10,24,2021,,,,,,,,,,,,,,
Lithium-Ion-NMC-Energy,investment,68.19,$/kWh,25,Project Development,p.24 (p.46),10,24,2021,,,,,,,,,,,,,,
Lithium-Ion-NMC-Power,investment,24.81,$/kW,25,Grid integration,p.24 (p.46),10,24,2021,,,,,,,,,,,,,,
Lithium-Ion-NMC-Energy,FOM,0.153639,$/kWh-year,25,derived,0.43 % of SB,10,24,2021,,,,,,,,,,,,,,
Lithium-Ion-NMC-Power,FOM,21.915,$/kW-year,25,derived,30% assumed of power components every 10 years,10,24,2021,,,,,,,,,,,,,,
Lithium-Ion-NMC-Energy,decommissioning,2.65,$/kWh,25,,p.24 (p.46),10,24,2021,,,,,,,,,,,,,,
Lithium-Ion-NMC-Power,efficiency,0.908790405,,25,"AC-AC efficiency at transformer level, 0.8259^0.5",p.24 (p.46),10,24,2021,,,,,,,,,,,,,,
Lithium-Ion-NMC-Power,lifetime,16,years,25,,p.24 (p.46),10,24,2021,,,,,,,,,,,,,,
Lithium-Ion-NMC-Energy,lifetime,16,years,25,,p.24 (p.46),10,24,2021,,,,,,,,,,,,,,
Lead-Acid-Energy,investment,212.58,$/kWh,25,DC storage block,p.33 (p.55),10,24,2030,,,,,,,,,,,,,,
Lead-Acid-Energy,investment,33.75,$/kWh,25,DC storage BOS,p.33 (p.55),10,24,2030,,,,,,,,,,,,,,
Lead-Acid-Power,investment,117.65,$/kW,25,Power Equipment,p.33 (p.55),10,24,2030,,,,,,,,,,,,,,
Lead-Acid-Power,investment,5.79,$/kW,25,Controll and Communication,p.33 (p.55),10,24,2030,,,,,,,,,,,,,,
Lead-Acid-Energy,investment,32.36,$/kWh,25,System integration,p.33 (p.55),10,24,2030,,,,,,,,,,,,,,
Lead-Acid-Energy,investment,35.42,$/kWh,25,EPC,p.33 (p.55),10,24,2030,,,,,,,,,,,,,,
Lead-Acid-Energy,investment,45.43,$/kWh,25,Project Development,p.33 (p.55),10,24,2030,,,,,,,,,,,,,,
Lead-Acid-Power,investment,21.05,$/kW,25,Grid integration,p.33 (p.55),10,24,2030,,,,,,,,,,,,,,
Lead-Acid-Energy,FOM,0.914094,$/kWh-year,25,derived,0.43 % of SB,10,24,2030,,,,,,,,,,,,,,
Lead-Acid-Power,FOM,35.295,$/kW-year,25,derived,30% assumed of power components every 10 years,10,24,2030,,,,,,,,,,,,,,
Lead-Acid-Energy,decommissioning,12.04,$/kWh,25,,p.33 (p.55),10,24,2030,,,,,,,,,,,,,,
Lead-Acid-Power,efficiency,0.888819442,,25,"AC-AC efficiency at transformer level, 0.8452^0.5",p.33 (p.55),10,24,2030,,,,,,,,,,,,,,
Lead-Acid-Power,lifetime,12,years,25,,p.33 (p.55),10,24,2030,,,,,,,,,,,,,,
Lead-Acid-Energy,lifetime,12,years,25,,p.33 (p.55),10,24,2030,,,,,,,,,,,,,,
Lead-Acid-Energy,investment,225.98,$/kWh,25,DC storage block,p.33 (p.55),10,24,2021,,,,,,,,,,,,,,
Lead-Acid-Energy,investment,45.2,$/kWh,25,DC storage BOS,p.33 (p.55),10,24,2021,,,,,,,,,,,,,,
Lead-Acid-Power,investment,133,$/kW,25,Power Equipment,p.33 (p.55),10,24,2021,,,,,,,,,,,,,,
Lead-Acid-Power,investment,7.75,$/kW,25,Controll and Communication,p.33 (p.55),10,24,2021,,,,,,,,,,,,,,
Lead-Acid-Energy,investment,38.14,$/kWh,25,System integration,p.33 (p.55),10,24,2021,,,,,,,,,,,,,,
Lead-Acid-Energy,investment,41.75,$/kWh,25,EPC,p.33 (p.55),10,24,2021,,,,,,,,,,,,,,
Lead-Acid-Energy,investment,53.54,$/kWh,25,Project Development,p.33 (p.55),10,24,2021,,,,,,,,,,,,,,
Lead-Acid-Power,investment,24.81,$/kW,25,Grid integration,p.33 (p.55),10,24,2021,,,,,,,,,,,,,,
Lead-Acid-Energy,FOM,0.971714,$/kWh-year,25,derived,0.43 % of SB,10,24,2021,,,,,,,,,,,,,,
Lead-Acid-Power,FOM,39.9,$/kW-year,25,derived,30% assumed of power components every 10 years,10,24,2021,,,,,,,,,,,,,,
Lead-Acid-Energy,decommissioning,16.89,$/kWh,25,,p.33 (p.55),10,24,2021,,,,,,,,,,,,,,
Lead-Acid-Power,efficiency,0.888819442,,25,"AC-AC efficiency at transformer level, 0.8259^0.5",p.33 (p.55),10,24,2021,,,,,,,,,,,,,,
Lead-Acid-Power,lifetime,12,years,25,,p.33 (p.55),10,24,2021,,,,,,,,,,,,,,
Lead-Acid-Energy,lifetime,12,years,25,,p.33 (p.55),10,24,2021,,,,,,,,,,,,,,
Vanadium-Redox-Flow-Energy,investment,157.79,$/kWh,25,DC storage block,p.42 (p.64),10,24,2030,,,,,,,,,,,,,,
Vanadium-Redox-Flow-Energy,investment,28.35,$/kWh,25,DC storage BOS,p.42 (p.64),10,24,2030,,,,,,,,,,,,,,
Vanadium-Redox-Flow-Power,investment,117.65,$/kW,25,Power Equipment,p.42 (p.64),10,24,2030,,,,,,,,,,,,,,
Vanadium-Redox-Flow-Power,investment,5.82,$/kW,25,Controll and Communication,p.42 (p.64),10,24,2030,,,,,,,,,,,,,,
Vanadium-Redox-Flow-Energy,investment,29.72,$/kWh,25,System integration,p.42 (p.64),10,24,2030,,,,,,,,,,,,,,
Vanadium-Redox-Flow-Energy,investment,34.2,$/kWh,25,EPC,p.42 (p.64),10,24,2030,,,,,,,,,,,,,,
Vanadium-Redox-Flow-Energy,investment,39.33,$/kWh,25,Project Development,p.42 (p.64),10,24,2030,,,,,,,,,,,,,,
Vanadium-Redox-Flow-Power,investment,21.21,$/kW,25,Grid integration,p.42 (p.64),10,24,2030,,,,,,,,,,,,,,
Vanadium-Redox-Flow-Energy,FOM,0.678497,$/kWh-year,25,derived,0.43 % of SB,10,24,2030,,,,,,,,,,,,,,
Vanadium-Redox-Flow-Power,FOM,35.295,$/kW-year,25,derived,30% assumed of power components every 10 years,10,24,2030,,,,,,,,,,,,,,
Vanadium-Redox-Flow-Energy,decommissioning,19.77,$/kWh,25,,p.42 (p.64),10,24,2030,,,,,,,,,,,,,,
Vanadium-Redox-Flow-Power,efficiency,0.806225775,,25,"AC-AC efficiency at transformer level, 0.8452^0.5",p.42 (p.64),10,24,2030,,,,,,,,,,,,,,
Vanadium-Redox-Flow-Power,lifetime,12,years,25,,p.42 (p.64),10,24,2030,,,,,,,,,,,,,,
Vanadium-Redox-Flow-Energy,lifetime,12,years,25,,p.42 (p.64),10,24,2030,,,,,,,,,,,,,,
Vanadium-Redox-Flow-Energy,investment,189.83,$/kWh,25,DC storage block,p.42 (p.64),10,24,2021,,,,,,,,,,,,,,
Vanadium-Redox-Flow-Energy,investment,37.97,$/kWh,25,DC storage BOS,p.42 (p.64),10,24,2021,,,,,,,,,,,,,,
Vanadium-Redox-Flow-Power,investment,133,$/kW,25,Power Equipment,p.42 (p.64),10,24,2021,,,,,,,,,,,,,,
Vanadium-Redox-Flow-Power,investment,7.8,$/kW,25,Controll and Communication,p.42 (p.64),10,24,2021,,,,,,,,,,,,,,
Vanadium-Redox-Flow-Energy,investment,35.03,$/kWh,25,System integration,p.42 (p.64),10,24,2021,,,,,,,,,,,,,,
Vanadium-Redox-Flow-Energy,investment,40.3,$/kWh,25,EPC,p.42 (p.64),10,24,2021,,,,,,,,,,,,,,
Vanadium-Redox-Flow-Energy,investment,46.35,$/kWh,25,Project Development,p.42 (p.64),10,24,2021,,,,,,,,,,,,,,
Vanadium-Redox-Flow-Power,investment,25,$/kW,25,Grid integration,p.42 (p.64),10,24,2021,,,,,,,,,,,,,,
Vanadium-Redox-Flow-Energy,FOM,0.816269,$/kWh-year,25,derived,0.43 % of SB,10,24,2021,,,,,,,,,,,,,,
Vanadium-Redox-Flow-Power,FOM,39.9,$/kW-year,25,derived,30% assumed of power components every 10 years,10,24,2021,,,,,,,,,,,,,,
Vanadium-Redox-Flow-Energy,decommissioning,22.95,$/kWh,25,,p.42 (p.64),10,24,2021,,,,,,,,,,,,,,
Vanadium-Redox-Flow-Power,efficiency,0.806225775,,25,"AC-AC efficiency at transformer level, 0.8259^0.5",p.42 (p.64),10,24,2021,,,,,,,,,,,,,,
Vanadium-Redox-Flow-Power,lifetime,12,years,25,,p.42 (p.64),10,24,2021,,,,,,,,,,,,,,
Vanadium-Redox-Flow-Energy,lifetime,12,years,25,,p.42 (p.64),10,24,2021,,,,,,,,,,,,,,
Ni-Zn-Energy,investment,158,$/kWh,25,DC storage block,"p.59 (p.81), Table 4.14",10,24,2030,,,,,,,,,,,,,,
Ni-Zn-Energy,investment,27,$/kWh,25,DC storage BOS,"p.59 (p.81), Table 4.16",10,24,2030,,,,,,,,,,,,,,
Ni-Zn-Power,investment,64.62,$/kW,25,Power Equipment,"p.59 (p.81), same as Li-LFP",10,24,2030,,,,,,,,,,,,,,
Ni-Zn-Power,investment,5.78,$/kW,25,Controll and Communication,"p.59 (p.81), same as Li-LFP",10,24,2030,,,,,,,,,,,,,,
Ni-Zn-Energy,investment,31.67,$/kWh,25,System integration,"p.59 (p.81), same as Li-LFP",10,24,2030,,,,,,,,,,,,,,
Ni-Zn-Energy,investment,38.03,$/kWh,25,EPC,"p.59 (p.81), same as Li-LFP",10,24,2030,,,,,,,,,,,,,,
Ni-Zn-Energy,investment,45.64,$/kWh,25,Project Development,"p.59 (p.81), same as Li-LFP",10,24,2030,,,,,,,,,,,,,,
Ni-Zn-Power,investment,21.05,$/kW,25,Grid integration,"p.59 (p.81), same as Li-LFP",10,24,2030,,,,,,,,,,,,,,
Ni-Zn-Energy,FOM,0.6794,$/kWh-year,25,derived,0.43 % of SB,10,24,2030,,,,,,,,,,,,,,
Ni-Zn-Power,FOM,8.5,$/kW-year,25,Table 4.22,30% assumed of power components every 10 years,10,24,2030,,,,,,,,,,,,,,
Ni-Zn-Energy,decommissioning,0,$/kWh,25,,p.59 (p.81),10,24,2030,,,,,,,,,,,,,,
Ni-Zn-Power,efficiency,0.9,,25,"((0.71+0.88)/2)^0.5, mean value of range, efficiency is not RTE but single way AC-store conversion",p.59 (p.81),10,24,2030,,,,,,,,,,,,,,
Ni-Zn-Power,lifetime,15,years,25,,p.59 (p.81),10,24,2030,,,,,,,,,,,,,,
Ni-Zn-Energy,lifetime,15,years,25,,p.59 (p.81),10,24,2030,,,,,,,,,,,,,,
Ni-Zn-Energy,investment,197,$/kWh,25,DC storage block,"p.59 (p.81), Table 4.13",10,24,2021,,,,,,,,,,,,,,
Ni-Zn-Energy,investment,30,$/kWh,25,DC storage BOS,"p.59 (p.81), Table 4.15",10,24,2021,,,,,,,,,,,,,,
Ni-Zn-Power,investment,73.05,$/kW,25,Power Equipment,"p.59 (p.81), same as Li-LFP",10,24,2021,,,,,,,,,,,,,,
Ni-Zn-Power,investment,7.75,$/kW,25,Controll and Communication,"p.59 (p.81), same as Li-LFP",10,24,2021,,,,,,,,,,,,,,
Ni-Zn-Energy,investment,41.48,$/kWh,25,System integration,"p.59 (p.81), same as Li-LFP",10,24,2021,,,,,,,,,,,,,,
Ni-Zn-Energy,investment,49.8,$/kWh,25,EPC,"p.59 (p.81), same as Li-LFP",10,24,2021,,,,,,,,,,,,,,
Ni-Zn-Energy,investment,59.76,$/kWh,25,Project Development,"p.59 (p.81), same as Li-LFP",10,24,2021,,,,,,,,,,,,,,
Ni-Zn-Power,investment,24.81,$/kW,25,Grid integration,"p.59 (p.81), same as Li-LFP",10,24,2021,,,,,,,,,,,,,,
Ni-Zn-Energy,FOM,0.8471,$/kWh-year,25,derived,0.43 % of SB,10,24,2021,,,,,,,,,,,,,,
Ni-Zn-Power,FOM,10,$/kW-year,25,Table 4.22,30% assumed of power components every 10 years,10,24,2021,,,,,,,,,,,,,,
Ni-Zn-Energy,decommissioning,0,$/kWh,25,,p.59 (p.81),10,24,2021,,,,,,,,,,,,,,
Ni-Zn-Power,efficiency,0.891627725,,25,"AC-AC efficiency at transformer level, 0.8452^0.5",p.59 (p.81),10,24,2021,,,,,,,,,,,,,,
Ni-Zn-Power,lifetime,15,years,25,,p.59 (p.81),10,24,2021,,,,,,,,,,,,,,
Ni-Zn-Energy,lifetime,15,years,25,,p.59 (p.81),10,24,2021,,,,,,,,,,,,,,
Zn-Br-Flow-Energy,investment,277,$/kWh,25,DC storage block,"p.59 (p.81), Table 4.14",10,24,2030,,,,,,,,,,,,,,
Zn-Br-Flow-Energy,investment,70,$/kWh,25,DC storage BOS,"p.59 (p.81), Table 4.16",10,24,2030,,,,,,,,,,,,,,
Zn-Br-Flow-Power,investment,64.62,$/kW,25,Power Equipment,p.59 (p.81),10,24,2030,,,,,,,,,,,,,,
Zn-Br-Flow-Power,investment,5.78,$/kW,25,Controll and Communication,p.59 (p.81),10,24,2030,,,,,,,,,,,,,,
Zn-Br-Flow-Energy,investment,31.67,$/kWh,25,System integration,p.59 (p.81),10,24,2030,,,,,,,,,,,,,,
Zn-Br-Flow-Energy,investment,38.03,$/kWh,25,EPC,p.59 (p.81),10,24,2030,,,,,,,,,,,,,,
Zn-Br-Flow-Energy,investment,45.64,$/kWh,25,Project Development,p.59 (p.81),10,24,2030,,,,,,,,,,,,,,
Zn-Br-Flow-Power,investment,21.05,$/kW,25,Grid integration,p.59 (p.81),10,24,2030,,,,,,,,,,,,,,
Zn-Br-Flow-Energy,FOM,1.1911,$/kWh-year,25,derived,0.43 % of SB,10,24,2030,,,,,,,,,,,,,,
Zn-Br-Flow-Power,FOM,36,$/kW-year,25,,"30% assumed of power components every 10 years, Table 4.22",10,24,2030,,,,,,,,,,,,,,
Zn-Br-Flow-Energy,decommissioning,0,$/kWh,25,,p.59 (p.81),10,24,2030,,,,,,,,,,,,,,
Zn-Br-Flow-Power,efficiency,0.830662386,,25,"(0.69)^0.5,  efficiency is not RTE but single way AC-store conversion","p.59 (p.81), Table 4.25, ",10,24,2030,,,,,,,,,,,,,,
Zn-Br-Flow-Power,lifetime,10,years,25,,"p.59 (p.81), Table 4.27",10,24,2030,,,,,,,,,,,,,,
Zn-Br-Flow-Energy,lifetime,10,years,25,,"p.59 (p.81), Table 4.27",10,24,2030,,,,,,,,,,,,,,
Zn-Br-Flow-Energy,investment,346,$/kWh,25,DC storage block,"p.59 (p.81), Table 4.13",10,24,2021,,,,,,,,,,,,,,
Zn-Br-Flow-Energy,investment,78,$/kWh,25,DC storage BOS,"p.59 (p.81), Table 4.15",10,24,2021,,,,,,,,,,,,,,
Zn-Br-Flow-Power,investment,117.65,$/kW,25,Power Equipment,p.59 (p.81),10,24,2021,,,,,,,,,,,,,,
Zn-Br-Flow-Power,investment,5.82,$/kW,25,Controll and Communication,p.59 (p.81),10,24,2021,,,,,,,,,,,,,,
Zn-Br-Flow-Energy,investment,29.72,$/kWh,25,System integration,p.59 (p.81),10,24,2021,,,,,,,,,,,,,,
Zn-Br-Flow-Energy,investment,34.2,$/kWh,25,EPC,p.59 (p.81),10,24,2021,,,,,,,,,,,,,,
Zn-Br-Flow-Energy,investment,39.33,$/kWh,25,Project Development,p.59 (p.81),10,24,2021,,,,,,,,,,,,,,
Zn-Br-Flow-Power,investment,21.21,$/kW,25,Grid integration,p.59 (p.81),10,24,2021,,,,,,,,,,,,,,
Zn-Br-Flow-Energy,FOM,1.4878,$/kWh-year,25,derived,0.43 % of SB,10,24,2021,,,,,,,,,,,,,,
Zn-Br-Flow-Power,FOM,42,$/kW-year,25,,"30% assumed of power components every 10 years, Table 4.22",10,24,2021,,,,,,,,,,,,,,
Zn-Br-Flow-Energy,decommissioning,0,$/kWh,25,,p.59 (p.81),10,24,2021,,,,,,,,,,,,,,
Zn-Br-Flow-Power,efficiency,0.806225775,,25,"(0.65)^0.5,  efficiency is not RTE but single way AC-store conversion","p.59 (p.81), Table 4.25, ",10,24,2021,,,,,,,,,,,,,,
Zn-Br-Flow-Power,lifetime,10,years,25,,p.59 (p.81),10,24,2021,,,,,,,,,,,,,,
Zn-Br-Flow-Energy,lifetime,10,years,25,,p.59 (p.81),10,24,2021,,,,,,,,,,,,,,
Zn-Br-Nonflow-Energy,investment,140,$/kWh,25,DC storage block,"p.59 (p.81), Table 4.14",10,24,2030,,,,,,,,,,,,,,
Zn-Br-Nonflow-Energy,investment,25,$/kWh,25,DC storage BOS,"p.59 (p.81), Table 4.16",10,24,2030,,,,,,,,,,,,,,
Zn-Br-Nonflow-Power,investment,117.65,$/kW,25,Power Equipment,p.59 (p.81),10,24,2030,,,,,,,,,,,,,,
Zn-Br-Nonflow-Power,investment,5.82,$/kW,25,Controll and Communication,p.59 (p.81),10,24,2030,,,,,,,,,,,,,,
Zn-Br-Nonflow-Energy,investment,29.72,$/kWh,25,System integration,p.59 (p.81),10,24,2030,,,,,,,,,,,,,,
Zn-Br-Nonflow-Energy,investment,34.2,$/kWh,25,EPC,p.59 (p.81),10,24,2030,,,,,,,,,,,,,,
Zn-Br-Nonflow-Energy,investment,39.33,$/kWh,25,Project Development,p.59 (p.81),10,24,2030,,,,,,,,,,,,,,
Zn-Br-Nonflow-Power,investment,21.21,$/kW,25,Grid integration,p.59 (p.81),10,24,2030,,,,,,,,,,,,,,
Zn-Br-Nonflow-Energy,FOM,0.602,$/kWh-year,25,derived,0.43 % of SB,10,24,2030,,,,,,,,,,,,,,
Zn-Br-Nonflow-Power,FOM,0.43,$/kW-year,25,Table 4.22,30% assumed of power components every 10 years,10,24,2030,,,,,,,,,,,,,,
Zn-Br-Nonflow-Energy,decommissioning,0,$/kWh,25,,p.59 (p.81),10,24,2030,,,,,,,,,,,,,,
Zn-Br-Nonflow-Power,efficiency,0.888819442,,25," (0.79)^0.5,  efficiency is not RTE but single way AC-store conversion","p.59 (p.81), Table 4.25,",10,24,2030,,,,,,,,,,,,,,
Zn-Br-Nonflow-Power,lifetime,15,years,25,,p.59 (p.81),10,24,2030,,,,,,,,,,,,,,
Zn-Br-Nonflow-Energy,lifetime,15,years,25,,p.59 (p.81),10,24,2030,,,,,,,,,,,,,,
Zn-Br-Nonflow-Energy,investment,175,$/kWh,25,DC storage block,"p.59 (p.81), Table 4.13",10,24,2021,,,,,,,,,,,,,,
Zn-Br-Nonflow-Energy,investment,28,$/kWh,25,DC storage BOS,"p.59 (p.81), Table 4.15",10,24,2021,,,,,,,,,,,,,,
Zn-Br-Nonflow-Power,investment,117.65,$/kW,25,Power Equipment,p.59 (p.81),10,24,2021,,,,,,,,,,,,,,
Zn-Br-Nonflow-Power,investment,5.82,$/kW,25,Controll and Communication,p.59 (p.81),10,24,2021,,,,,,,,,,,,,,
Zn-Br-Nonflow-Energy,investment,29.72,$/kWh,25,System integration,p.59 (p.81),10,24,2021,,,,,,,,,,,,,,
Zn-Br-Nonflow-Energy,investment,34.2,$/kWh,25,EPC,p.59 (p.81),10,24,2021,,,,,,,,,,,,,,
Zn-Br-Nonflow-Energy,investment,39.33,$/kWh,25,Project Development,p.59 (p.81),10,24,2021,,,,,,,,,,,,,,
Zn-Br-Nonflow-Power,investment,21.21,$/kW,25,Grid integration,p.59 (p.81),10,24,2021,,,,,,,,,,,,,,
Zn-Br-Nonflow-Energy,FOM,0.7525,$/kWh-year,25,derived,0.43 % of SB,10,24,2021,,,,,,,,,,,,,,
Zn-Br-Nonflow-Power,FOM,0.5,$/kW-year,25,,"30% assumed of power components every 10 years, Table 4.22",10,24,2021,,,,,,,,,,,,,,
Zn-Br-Nonflow-Energy,decommissioning,0,$/kWh,25,,p.59 (p.81),10,24,2021,,,,,,,,,,,,,,
Zn-Br-Nonflow-Power,efficiency,0.866025404,,25,"(0.75)^0.5,  efficiency is not RTE but single way AC-store conversion","p.59 (p.81), Table 4.25",10,24,2021,,,,,,,,,,,,,,
Zn-Br-Nonflow-Power,lifetime,15,years,25,,p.59 (p.81),10,24,2021,,,,,,,,,,,,,,
Zn-Br-Nonflow-Energy,lifetime,15,years,25,,p.59 (p.81),10,24,2021,,,,,,,,,,,,,,
Zn-Air-Energy,investment,75.2,$/kWh,25,DC storage block,"p.48 (p.70), text below Table 4.12",10,24,2030,,,,,,,,,,,,,,
Zn-Air-Energy,investment,17.1,$/kWh,25,DC storage BOS,"p.48 (p.70), text below Table 4.12",10,24,2030,,,,,,,,,,,,,,
Zn-Air-Power,investment,117.65,$/kW,25,Power Equipment,p.59 (p.81),10,24,2030,,,,,,,,,,,,,,
Zn-Air-Power,investment,5.82,$/kW,25,Controll and Communication,p.59 (p.81),10,24,2030,,,,,,,,,,,,,,
Zn-Air-Energy,investment,29.72,$/kWh,25,System integration,p.59 (p.81),10,24,2030,,,,,,,,,,,,,,
Zn-Air-Energy,investment,34.2,$/kWh,25,EPC,p.59 (p.81),10,24,2030,,,,,,,,,,,,,,
Zn-Air-Energy,investment,39.33,$/kWh,25,Project Development,p.59 (p.81),10,24,2030,,,,,,,,,,,,,,
Zn-Air-Power,investment,21.21,$/kW,25,Grid integration,p.59 (p.81),10,24,2030,,,,,,,,,,,,,,
Zn-Air-Energy,FOM,0.32336,$/kWh-year,25,derived,0.43 % of SB,10,24,2030,,,,,,,,,,,,,,
Zn-Air-Power,FOM,23,$/kW-year,25,,"30% assumed of power components every 10 years, Table 4.22",10,24,2030,,,,,,,,,,,,,,
Zn-Air-Energy,decommissioning,0,$/kWh,25,,p.59 (p.81),10,24,2030,,,,,,,,,,,,,,
Zn-Air-Power,efficiency,0.793725393,,25,"(0.63)^0.5,  efficiency is not RTE but single way AC-store conversion","p.59 (p.81), Table 4.25, ",10,24,2030,,,,,,,,,,,,,,
Zn-Air-Power,lifetime,25,years,25,,p.59 (p.81),10,24,2030,,,,,,,,,,,,,,
Zn-Air-Energy,lifetime,25,years,25,,p.59 (p.81),10,24,2030,,,,,,,,,,,,,,
Zn-Air-Energy,investment,94,$/kWh,25,DC storage block,"p.59 (p.81), Table 4.12",10,24,2021,,,,,,,,,,,,,,
Zn-Air-Energy,investment,19,$/kWh,25,DC storage BOS,"p.59 (p.81), Table 4.12",10,24,2021,,,,,,,,,,,,,,
Zn-Air-Power,investment,117.65,$/kW,25,Power Equipment,p.59 (p.81),10,24,2021,,,,,,,,,,,,,,
Zn-Air-Power,investment,5.82,$/kW,25,Controll and Communication,p.59 (p.81),10,24,2021,,,,,,,,,,,,,,
Zn-Air-Energy,investment,29.72,$/kWh,25,System integration,p.59 (p.81),10,24,2021,,,,,,,,,,,,,,
Zn-Air-Energy,investment,34.2,$/kWh,25,EPC,p.59 (p.81),10,24,2021,,,,,,,,,,,,,,
Zn-Air-Energy,investment,39.33,$/kWh,25,Project Development,p.59 (p.81),10,24,2021,,,,,,,,,,,,,,
Zn-Air-Power,investment,21.21,$/kW,25,Grid integration,p.59 (p.81),10,24,2021,,,,,,,,,,,,,,
Zn-Air-Energy,FOM,0.4042,$/kWh-year,25,derived,0.43 % of SB,10,24,2021,,,,,,,,,,,,,,
Zn-Air-Power,FOM,27,$/kW-year,25,,"30% assumed of power components every 10 years, Table 4.22",10,24,2021,,,,,,,,,,,,,,
Zn-Air-Energy,decommissioning,0,$/kWh,25,,p.59 (p.81),10,24,2021,,,,,,,,,,,,,,
Zn-Air-Power,efficiency,0.768114575,,25,"(0.59)^0.5,  efficiency is not RTE but single way AC-store conversion","p.59 (p.81), Table 4.25,",10,24,2021,,,,,,,,,,,,,,
Zn-Air-Power,lifetime,25,years,25,,p.59 (p.81),10,24,2021,,,,,,,,,,,,,,
Zn-Air-Energy,lifetime,25,years,25,,p.59 (p.81),10,24,2021,,,,,,,,,,,,,,
Compressed-Air-Adiabatic-Energy,investment,6.11,$/kWh,25,Cavern Storage,p.64 (p.86),1000,24,2030,,,,,,,,,,,,,,
Compressed-Air-Adiabatic-Power,investment,1061,$/kW,25,"Turbine, Compressor, BOP, EPC Management",p.59 (p.81),1000,24,2030,,,,,,,,,,,,,,
Compressed-Air-Adiabatic-Energy,FOM,0.026273,$/kWh-year,25,derived,"0.43 % of SB, 4.5.2.1 Fixed O&M, p.62 (p.84)",1000,24,2030,,,,,,,,,,,,,,
Compressed-Air-Adiabatic-Power,FOM,9.83,$/kW-year,25,,p.64 (p.86) Figure 4.14,1000,24,2030,,,,,,,,,,,,,,
Compressed-Air-Adiabatic-Power,efficiency,0.721110255,,25,"AC-AC efficiency at transformer level, 0.52^0.5",p.59 (p.81),1000,24,2030,,,,,,,,,,,,,,
Compressed-Air-Adiabatic-Power,lifetime,60,years,25,,p.59 (p.81),1000,24,2030,,,,,,,,,,,,,,
Compressed-Air-Adiabatic-Energy,lifetime,60,years,25,,p.59 (p.81),1000,24,2030,,,,,,,,,,,,,,
Compressed-Air-Adiabatic-Energy,investment,6.11,$/kWh,25,Cavern Storage,p.64 (p.86),1000,24,2021,,,,,,,,,,,,,,
Compressed-Air-Adiabatic-Power,investment,1061,$/kW,25,"Turbine, Compressor, BOP, EPC Management",p.59 (p.81),1000,24,2021,,,,,,,,,,,,,,
Compressed-Air-Adiabatic-Energy,FOM,0.026273,$/kWh-year,25,derived,"0.43 % of SB, 4.5.2.1 Fixed O&M, p.62 (p.84)",1000,24,2021,,,,,,,,,,,,,,
Compressed-Air-Adiabatic-Power,FOM,9.83,$/kW-year,25,,p.64 (p.86) Figure 4.14,1000,24,2021,,,,,,,,,,,,,,
Compressed-Air-Adiabatic-Power,efficiency,0.721110255,,25,"AC-AC efficiency at transformer level, 0.52^0.5",p.59 (p.81),1000,24,2021,,,,,,,,,,,,,,
Compressed-Air-Adiabatic-Power,lifetime,60,years,25,,p.59 (p.81),1000,24,2021,,,,,,,,,,,,,,
Compressed-Air-Adiabatic-Energy,lifetime,60,years,25,,p.59 (p.81),1000,24,2021,,,,,,,,,,,,,,
Pumped-Storage-Hydro-Energy,investment,64,$/kWh,25,Reservoir Construction & Infrastructure,p.68 (p.90),10,24,2030,,,,,,,,,,,,,,
Pumped-Storage-Hydro-Power,investment,623,$/kW,25,Powerhouse Construction & Infrastructure,p.68 (p.90),10,24,2030,,,,,,,,,,,,,,
Pumped-Storage-Hydro-Power,investment,392,$/kW,25,Electromechanical,p.68 (p.90),10,24,2030,,,,,,,,,,,,,,
Pumped-Storage-Hydro-Power,investment,551.67,$/kW,25,Contigency Fee,p.68 (p.90),10,24,2030,,,,,,,,,,,,,,
Pumped-Storage-Hydro-Energy,FOM,0.2752,$/kWh-year,25,derived,0.43 % of SB,10,24,2030,,,,,,,,,,,,,,
Pumped-Storage-Hydro-Power,FOM,15.59,$/kW-year,25,,Figure 4.16,10,24,2030,,,,,,,,,,,,,,
Pumped-Storage-Hydro-Power,efficiency,0.894427191,,25,"AC-AC efficiency at transformer level, 0.8^0.5",p.68 (p.90),10,24,2030,,,,,,,,,,,,,,
Pumped-Storage-Hydro-Power,lifetime,60,years,25,,p.68 (p.90),10,24,2030,,,,,,,,,,,,,,
Pumped-Storage-Hydro-Energy,lifetime,60,years,25,,p.68 (p.90),10,24,2030,,,,,,,,,,,,,,
Pumped-Storage-Hydro-Energy,investment,64,$/kWh,25,Reservoir Construction & Infrastructure,p.68 (p.90),10,24,2021,,,,,,,,,,,,,,
Pumped-Storage-Hydro-Power,investment,623,$/kW,25,Powerhouse Construction & Infrastructure,p.68 (p.90),10,24,2021,,,,,,,,,,,,,,
Pumped-Storage-Hydro-Power,investment,392,$/kW,25,Electromechanical,p.68 (p.90),10,24,2021,,,,,,,,,,,,,,
Pumped-Storage-Hydro-Power,investment,551.67,$/kW,25,Contigency Fee,p.68 (p.90),10,24,2021,,,,,,,,,,,,,,
Pumped-Storage-Hydro-Energy,FOM,0.2752,$/kWh-year,25,derived,0.43 % of SB,10,24,2021,,,,,,,,,,,,,,
Pumped-Storage-Hydro-Power,FOM,15.59,$/kW-year,25,,Figure 4.16,10,24,2021,,,,,,,,,,,,,,
Pumped-Storage-Hydro-Power,efficiency,0.894427191,,25,"AC-AC efficiency at transformer level, 0.8^0.5",p.68 (p.90),10,24,2021,,,,,,,,,,,,,,
Pumped-Storage-Hydro-Power,lifetime,60,years,25,,p.68 (p.90),10,24,2021,,,,,,,,,,,,,,
Pumped-Storage-Hydro-Energy,lifetime,60,years,25,,p.68 (p.90),10,24,2030,,,,,,,,,,,,,,
Gravity-Brick-Energy,investment,148.75,$/kWh,25,Gravitational Capital (SB+BOS),"p.71 (p.94), text at the bottom speaks about 15% cost reduction for 2030 compared to 2021",1000,24,2030,,,,,,,,,,,,,,
Gravity-Brick-Power,investment,466,$/kW,25,Power Equipment,"p.71 (p.94), text at the bottom speaks about 0% cost reduction for 2030 compared to 2021",1000,24,2030,,,,,,,,,,,,,,
Gravity-Brick-Energy,investment,27.73,$/kWh,25,"EPC Fee, Project Development, Grid integration","p.80 (p.102), Figure 4.18",1000,24,2030,,,,,,,,,,,,,,
Gravity-Brick-Power,FOM,47,$/kW-year,25,,"p.77 (p.99), Table 4.35",1000,24,2030,,,,,,,,,,,,,,
Gravity-Brick-Power,efficiency,0.92736185,,25,"AC-AC efficiency at transformer level, 0.86^0.5","p.77 (p.99), Table 4.36",1000,24,2030,,,,,,,,,,,,,,
Gravity-Brick-Power,lifetime,41.7,years,25,,"p.77 (p.99), Table 4.36",1000,24,2030,,,,,,,,,,,,,,
Gravity-Brick-Energy,lifetime,41.7,years,25,,"p.77 (p.99), Table 4.36",1000,24,2030,,,,,,,,,,,,,,
Gravity-Brick-Energy,investment,175,$/kWh,25,Gravitational Capital (SB+BOS),"p.75 (p.97), Table 4.32",1000,24,2021,,,,,,,,,,,,,,
Gravity-Brick-Power,investment,466,$/kW,25,Power Equipment,"p.74 (p.96), Table 4.31",1000,24,2021,,,,,,,,,,,,,,
Gravity-Brick-Energy,investment,31.7,$/kWh,25,"EPC Fee, Project Development, Grid integration","p.80 (p.102), Figure 4.18",1000,24,2021,,,,,,,,,,,,,,
Gravity-Brick-Power,FOM,47,$/kW-year,25,,"p.77 (p.99), Table 4.35",1000,24,2021,,,,,,,,,,,,,,
Gravity-Brick-Power,efficiency,0.92736185,,25,"AC-AC efficiency at transformer level, 0.86^0.5","p.77 (p.99), Table 4.36",1000,24,2021,,,,,,,,,,,,,,
Gravity-Brick-Power,lifetime,41.7,years,25,,"p.77 (p.99), Table 4.36",1000,24,2021,,,,,,,,,,,,,,
Gravity-Brick-Energy,lifetime,41.7,years,25,,"p.77 (p.99), Table 4.36",1000,24,2021,,,,,,,,,,,,,,
Gravity-Water-Aboveground-Energy,investment,108.8,$/kWh,25,Gravitational Capital (SB+BOS),"p.71 (p.94), text at the bottom speaks about 15% cost reduction for 2030 compared to 2021",1000,24,2030,,,,,,,,,,,,,,
Gravity-Water-Aboveground-Energy,investment,410,$/kW,25,Power Equipment,"p.71 (p.94), text at the bottom speaks about 0% cost reduction for 2030 compared to 2021",1000,24,2030,,,,,,,,,,,,,,
Gravity-Water-Aboveground-Power,investment,27.73,$/kWh,25,"EPC Fee, Project Development, Grid integration","p.80 (p.102), Figure 4.18",1000,24,2030,,,,,,,,,,,,,,
Gravity-Water-Aboveground-Power,FOM,16,$/kW-year,25,,"p.77 (p.99), Table 4.35",1000,24,2030,,,,,,,,,,,,,,
Gravity-Water-Aboveground-Energy,efficiency,0.901387819,,25,"AC-AC efficiency at transformer level, ((0.785+0.84)/2)^0.5","p.77 (p.99), Table 4.37",1000,24,2030,,,,,,,,,,,,,,
Gravity-Water-Aboveground-Energy,lifetime,60,years,25,,"p.77 (p.99), Table 4.37",1000,24,2030,,,,,,,,,,,,,,
Gravity-Water-Aboveground-Energy,lifetime,60,years,25,,"p.77 (p.99), Table 4.37",1000,24,2030,,,,,,,,,,,,,,
Gravity-Water-Aboveground-Power,investment,128,$/kWh,25,Gravitational Capital (SB+BOS),"p.75 (p.97), Table 4.32",1000,24,2021,,,,,,,,,,,,,,
Gravity-Water-Aboveground-Energy,investment,410,$/kW,25,Power Equipment,"p.74 (p.96), Table 4.31",1000,24,2021,,,,,,,,,,,,,,
Gravity-Water-Aboveground-Power,investment,31.7,$/kWh,25,"EPC Fee, Project Development, Grid integration","p.80 (p.102), Figure 4.18",1000,24,2021,,,,,,,,,,,,,,
Gravity-Water-Aboveground-Energy,FOM,16,$/kW-year,25,,"p.77 (p.99), Table 4.35",1000,24,2021,,,,,,,,,,,,,,
Gravity-Water-Aboveground-Power,efficiency,0.901387819,,25,"AC-AC efficiency at transformer level, ((0.785+0.84)/2)^0.5","p.77 (p.99), Table 4.37",1000,24,2021,,,,,,,,,,,,,,
Gravity-Water-Aboveground-Power,lifetime,60,years,25,,"p.77 (p.99), Table 4.37",1000,24,2021,,,,,,,,,,,,,,
Gravity-Water-Aboveground-Energy,lifetime,60,years,25,,"p.77 (p.99), Table 4.37",1000,24,2021,,,,,,,,,,,,,,
Gravity-Water-Underground-Energy,investment,79.9,$/kWh,25,Gravitational Capital (SB+BOS),"p.71 (p.94), text at the bottom speaks about 15% cost reduction for 2030 compared to 2021",1000,24,2030,,,,,,,,,,,,,,
Gravity-Water-Underground-Energy,investment,1015,$/kW,25,Power Equipment,"p.71 (p.94), text at the bottom speaks about 0% cost reduction for 2030 compared to 2021",1000,24,2030,,,,,,,,,,,,,,
Gravity-Water-Underground-Power,investment,27.73,$/kWh,25,"EPC Fee, Project Development, Grid integration","p.80 (p.102), Figure 4.18",1000,24,2030,,,,,,,,,,,,,,
Gravity-Water-Underground-Power,FOM,16,$/kW-year,25,,"p.77 (p.99), Table 4.35",1000,24,2030,,,,,,,,,,,,,,
Gravity-Water-Underground-Energy,efficiency,0.901387819,,25,"AC-AC efficiency at transformer level, ((0.785+0.84)/2)^0.5","p.77 (p.99), Table 4.37",1000,24,2030,,,,,,,,,,,,,,
Gravity-Water-Underground-Energy,lifetime,60,years,25,,"p.77 (p.99), Table 4.37",1000,24,2030,,,,,,,,,,,,,,
Gravity-Water-Underground-Energy,lifetime,60,years,25,,"p.77 (p.99), Table 4.37",1000,24,2030,,,,,,,,,,,,,,
Gravity-Water-Underground-Power,investment,94,$/kWh,25,Gravitational Capital (SB+BOS),"p.75 (p.97), Table 4.32",1000,24,2021,,,,,,,,,,,,,,
Gravity-Water-Underground-Energy,investment,1015,$/kW,25,Power Equipment,"p.74 (p.96), Table 4.31",1000,24,2021,,,,,,,,,,,,,,
Gravity-Water-Underground-Power,investment,31.7,$/kWh,25,"EPC Fee, Project Development, Grid integration","p.80 (p.102), Figure 4.18",1000,24,2021,,,,,,,,,,,,,,
Gravity-Water-Underground-Energy,FOM,16,$/kW-year,25,,"p.77 (p.99), Table 4.35",1000,24,2021,,,,,,,,,,,,,,
Gravity-Water-Underground-Power,efficiency,0.901387819,,25,"AC-AC efficiency at transformer level, ((0.785+0.84)/2)^0.5","p.77 (p.99), Table 4.37",1000,24,2021,,,,,,,,,,,,,,
Gravity-Water-Underground-Power,lifetime,60,years,25,,"p.77 (p.99), Table 4.37",1000,24,2021,,,,,,,,,,,,,,
Gravity-Water-Underground-Energy,lifetime,60,years,25,,"p.77 (p.99), Table 4.37",1000,24,2021,,,,,,,,,,,,,,
Hydrogen-Power,investment,425,$/kW,25,Fuel Cell,p.113 (p.135),10,24,2030,,,,,,,,,,,,,,
Hydrogen-Power,investment,350,$/kW,25,Electrolyzer,p.113 (p.135),10,24,2030,,,,,,,,,,,,,,
Hydrogen-Energy,investment,5.36,$/kWh,25,Cavern Storage,p.113 (p.135),10,24,2030,,,,,,,,,,,,,,
Hydrogen-Power,investment,39.3,$/kW,25,Compressor,p.113 (p.135),10,24,2030,,,,,,,,,,,,,,
Hydrogen-Energy,investment,39,$/kW,25,Inverter,p.113 (p.135),10,24,2030,,,,,,,,,,,,,,
Hydrogen-Power,investment,84,$/kW,25,Rectifier,p.113 (p.135),10,24,2030,,,,,,,,,,,,,,
Hydrogen-Power,investment,1.06,$/kW,25,Controll and Communication,p.113 (p.135),10,24,2030,,,,,,,,,,,,,,
Hydrogen-Power,investment,16.3,$/kW,25,Grid integration,p.113 (p.135),10,24,2030,,,,,,,,,,,,,,
Hydrogen-Energy,FOM,0.023048,$/kWh-year,25,derived,"0.43 % of SB, =(C38+C39)*0.43/4",10,24,2030,,,,,,,,,,,,,,
Hydrogen-Power,FOM,4.9405,$/kW-year,25,derived,"30% assumed of power components every 10 years, =(C45+C41+C40)*0.3+1.94",10,24,2030,,,,,,,,,,,,,,
Hydrogen-Power,efficiency,0.69629,,25,Electrolyzer,"p.111 (p.133), include inverter 0.98 & transformer efficiency 0.98 ",10,24,2030,,,,,,,,,,,,,,
Hydrogen-Power,efficiency,0.4869228,,25,Fuel Cell,"p.111 (p.133), include inverter 0.98 & transformer efficiency 0.98 ",10,24,2030,,,,,,,,,,,,,,
Hydrogen-Power,lifetime,30,years,25,,p.111 (p.133),10,24,2030,,,,,,,,,,,,,,
Hydrogen-Energy,lifetime,30,years,25,,p.111 (p.133),10,24,2030,,,,,,,,,,,,,,
Hydrogen-Power,investment,1320,$/kW,25,Fuel Cell,p.113 (p.135),10,24,2021,,,,,,,,,,,,,,
Hydrogen-Power,investment,1316,$/kW,25,Electrolyzer,p.113 (p.135),10,24,2021,,,,,,,,,,,,,,
Hydrogen-Energy,investment,5.36,$/kWh,25,Cavern Storage,p.113 (p.135),10,24,2021,,,,,,,,,,,,,,
Hydrogen-Power,investment,39.3,$/kW,25,Compressor,p.113 (p.135),10,24,2021,,,,,,,,,,,,,,
Hydrogen-Energy,investment,67,$/kW,25,Inverter,p.113 (p.135),10,24,2021,,,,,,,,,,,,,,
Hydrogen-Power,investment,130,$/kW,25,Rectifier,p.113 (p.135),10,24,2021,,,,,,,,,,,,,,
Hydrogen-Power,investment,1.5,$/kW,25,Controll and Communication,p.113 (p.135),10,24,2021,,,,,,,,,,,,,,
Hydrogen-Power,investment,19.89,$/kW,25,Grid integration,p.113 (p.135),10,24,2021,,,,,,,,,,,,,,
Hydrogen-Energy,FOM,0.023048,$/kWh-year,25,derived,"0.43 % of SB, =(C38+C39)*0.43/4",10,24,2021,,,,,,,,,,,,,,
Hydrogen-Power,FOM,12.9428,$/kW-year,25,derived,"30% assumed of power components every 10 years, =(C45+C41+C40)*0.3+1.94",10,24,2021,,,,,,,,,,,,,,
Hydrogen-Power,efficiency,0.69629,,25,Electrolyzer,"p.111 (p.133), include inverter 0.98 & transformer efficiency 0.98 ",10,24,2021,,,,,,,,,,,,,,
Hydrogen-Power,efficiency,0.4869228,,25,Fuel Cell,"p.111 (p.133), include inverter 0.98 & transformer efficiency 0.98 ",10,24,2021,,,,,,,,,,,,,,
Hydrogen-Power,lifetime,30,years,25,,p.111 (p.133),10,24,2021,,,,,,,,,,,,,,
Hydrogen-Energy,lifetime,30,years,25,,p.111 (p.133),10,24,2021,,,,,,,,,,,,,,
Pumped-Heat-Energy,investment,4.6,$/kWh,25,Molten Salt based SB and BOS,p.92 (p.114),,,2030,,,,,,,,,,,,,,
Pumped-Heat-Power,investment,1454,$/kW,25,Power Equipment ,p.92 (p.114),,,2030,,,,,,,,,,,,,,
Pumped-Heat-Energy,investment,5.36,$/kWh,25,EPC fee,p.92 (p.114),,,2030,,,,,,,,,,,,,,
Pumped-Heat-Energy,investment,0.996,$/kWh,25,Project Development,p.92 (p.114),,,2030,,,,,,,,,,,,,,
Pumped-Heat-Energy,investment,1.992,$/kWh,25,Grid integration,p.92 (p.114),,,2030,,,,,,,,,,,,,,
Pumped-Heat-Energy,FOM,0.01978,$/kWh-year,25,"not provided, calculated as for hydrogen",p.103 (p.125),,,2030,,,,,,,,,,,,,,
Pumped-Heat-Power,FOM,6.2522,$/kW-year,25,"not provided, calculated as for hydrogen",p.103 (p.125),,,2030,,,,,,,,,,,,,,
Pumped-Heat-Power,efficiency,0.62,,25,"RTE, assume 99% for charge, and other for discharge",p.107 (p.129),,,2030,,,,,,,,,,,,,,
Pumped-Heat-Power,lifetime,33,years,25,,p.107 (p.129),,,2030,,,,,,,,,,,,,,
Pumped-Heat-Energy,lifetime,33,years,25,,p.107 (p.129),,,2030,,,,,,,,,,,,,,
Pumped-Heat-Energy,investment,5.4,$/kWh,25,Molten Salt based SB and BOS,p.92 (p.114),,,2021,,,,,,,,,,,,,,
Pumped-Heat-Power,investment,1532,$/kW,25,Power Equipment ,p.92 (p.114),,,2021,,,,,,,,,,,,,,
Pumped-Heat-Energy,investment,19.89,$/kWh,25,EPC fee,p.92 (p.114),,,2021,,,,,,,,,,,,,,
Pumped-Heat-Energy,investment,2.529,$/kWh,25,Project Development,p.92 (p.114),,,2021,,,,,,,,,,,,,,
Pumped-Heat-Energy,investment,5.058,$/kWh,25,Grid integration,p.92 (p.114),,,2021,,,,,,,,,,,,,,
Pumped-Heat-Energy,FOM,0.02322,$/kWh-year,25,"not provided, calculated as for hydrogen",p.103 (p.125),,,2021,,,,,,,,,,,,,,
Pumped-Heat-Power,FOM,6.5876,$/kW-year,25,"not provided, calculated as for hydrogen",p.103 (p.125),,,2021,,,,,,,,,,,,,,
Pumped-Heat-Power,efficiency,0.6,,25,"RTE, assume 99% for charge, and other for discharge",p.107 (p.129),,,2021,,,,,,,,,,,,,,
Pumped-Heat-Power,lifetime,30,years,25,,p.107 (p.129),,,2021,,,,,,,,,,,,,,
Pumped-Heat-Energy,lifetime,30,years,25,,p.107 (p.129),,,2021,,,,,,,,,,,,,,
Liquid-Air-Energy,investment,133,$/kWh,25,Liquid Air SB and BOS,p.98 (p.120),,,2030,,,,,,,,,,,,,,
Liquid-Air-Power,investment,908,$/kW,25,Power Equipment ,p.98 (p.120),,,2030,,,,,,,,,,,,,,
Liquid-Air-Energy,investment,7,$/kWh,25,EPC fee,p.98 (p.120),,,2030,,,,,,,,,,,,,,
Liquid-Air-Energy,investment,27,$/kWh,25,Project Development,p.98 (p.120),,,2030,,,,,,,,,,,,,,
Liquid-Air-Energy,investment,11.3,$/kWh,25,Grid integration,p.98 (p.120),,,2030,,,,,,,,,,,,,,
Liquid-Air-Energy,FOM,0.5719,$/kWh-year,25,"not provided, calculated as for hydrogen",p 104 (p.126),,,2030,,,,,,,,,,,,,,
Liquid-Air-Power,FOM,3.9044,$/kW-year,25,"not provided, calculated as for hydrogen",p 104 (p.126),,,2030,,,,,,,,,,,,,,
Liquid-Air-Power,efficiency,0.545,,25,"RTE, assume 99% for charge, and other for discharge",p.107 (p.129),,,2030,,,,,,,,,,,,,,
Liquid-Air-Power,lifetime,35,years,25,,p.107 (p.129),,,2030,,,,,,,,,,,,,,
Liquid-Air-Energy,lifetime,35,years,25,,p.107 (p.129),,,2030,,,,,,,,,,,,,,
Liquid-Air-Energy,investment,157,$/kWh,25,Liquid Air SB and BOS,p.98 (p.120),,,2021,,,,,,,,,,,,,,
Liquid-Air-Power,investment,956,$/kW,25,Power Equipment ,p.98 (p.120),,,2021,,,,,,,,,,,,,,
Liquid-Air-Energy,investment,8,$/kWh,25,EPC fee,p.98 (p.120),,,2021,,,,,,,,,,,,,,
Liquid-Air-Energy,investment,30,$/kWh,25,Project Development,p.98 (p.120),,,2021,,,,,,,,,,,,,,
Liquid-Air-Energy,investment,11.3,$/kWh,25,Grid integration,p.98 (p.120),,,2021,,,,,,,,,,,,,,
Liquid-Air-Energy,FOM,0.6751,$/kWh-year,25,"not provided, calculated as for hydrogen",p 104 (p.126),,,2021,,,,,,,,,,,,,,
Liquid-Air-Power,FOM,4.1108,$/kW-year,25,"not provided, calculated as for hydrogen",p 104 (p.126),,,2021,,,,,,,,,,,,,,
Liquid-Air-Power,efficiency,0.525,,25,"RTE, assume 99% for charge, and other for discharge",p.107 (p.129),,,2021,,,,,,,,,,,,,,
Liquid-Air-Power,lifetime,35,years,25,,p.107 (p.129),,,2021,,,,,,,,,,,,,,
Liquid-Air-Energy,lifetime,35,years,25,,p.107 (p.129),,,2021,,,,,,,,,,,,,,
Sand-Energy,investment,5.78,$/kWh,25,"SB and BOS, 0.85 of 2021 value",p.100 (p.122),1000,24,2030,,,,,,,,,,,,,,
Sand-Power,investment,808.45,$/kW,25,"Power Equipment, 0.95 of 2021 value",p.100 (p.122),1000,24,2030,,,,,,,,,,,,,,
Sand-Energy,investment,1.734,$/kWh,25,"EPC fee, Project Development, Grid integration",p.98 (p.120),1000,24,2030,,,,,,,,,,,,,,
Sand-Energy,FOM,0.024854,$/kWh-year,25,"not provided, calculated as for hydrogen",p 104 (p.126),1000,24,2030,,,,,,,,,,,,,,
Sand-Power,FOM,3.476335,$/kW-year,25,"not provided, calculated as for hydrogen",p 104 (p.126),1000,24,2030,,,,,,,,,,,,,,
Sand-Power,efficiency,0.52,,25,"RTE, assume 99% for charge, and other for discharge",p.107 (p.129),1000,24,2030,,,,,,,,,,,,,,
Sand-Power,lifetime,35,years,25,,p.107 (p.129),1000,24,2030,,,,,,,,,,,,,,
Sand-Energy,lifetime,35,years,25,,p.107 (p.129),1000,24,2030,,,,,,,,,,,,,,
Sand-Energy,investment,6.8,$/kWh,25,SB and BOS,p.101 (p.123),1000,24,2021,,,,,,,,,,,,,,
Sand-Power,investment,851,$/kW,25,Power Equipment ,p.101 (p.123),1000,24,2021,,,,,,,,,,,,,,
Sand-Energy,investment,2.04,$/kWh,25,"EPC fee, Project Development, Grid integration",p.101 (p.123),1000,24,2021,,,,,,,,,,,,,,
Sand-Energy,FOM,0.02924,$/kWh-year,25,"not provided, calculated as for hydrogen",p.100 (p.122),1000,24,2021,,,,,,,,,,,,,,
Sand-Power,FOM,3.6593,$/kW-year,25,"not provided, calculated as for hydrogen",p 104 (p.126),1000,24,2021,,,,,,,,,,,,,,
Sand-Power,efficiency,0.5,,25,"RTE, assume 99% for charge, and other for discharge",p.107 (p.129),1000,24,2021,,,,,,,,,,,,,,
Sand-Power,lifetime,35,years,25,,p.107 (p.129),1000,24,2021,,,,,,,,,,,,,,
Sand-Energy,lifetime,35,years,25,,p.107 (p.129),1000,24,2021,,,,,,,,,,,,,,
HighT-Molten-Salt-Energy,investment,81.175,$/kWh,25,"SB and BOS, 0.85 of 2021 value",p.98 (p.120),1000,24,2030,,,,,,,,,,,,,,
HighT-Molten-Salt-Power,investment,808.45,$/kW,25,"Power Equipment, 0.95 of 2021 value",p.98 (p.120),1000,24,2030,,,,,,,,,,,,,,
HighT-Molten-Salt-Energy,investment,24.3525,$/kWh,25,"EPC fee, Project Development, Grid integration",p.98 (p.120),1000,24,2030,,,,,,,,,,,,,,
HighT-Molten-Salt-Energy,FOM,0.3490525,$/kWh-year,25,"not provided, calculated as for hydrogen",p 104 (p.126),1000,24,2030,,,,,,,,,,,,,,
HighT-Molten-Salt-Power,FOM,3.476335,$/kW-year,25,"not provided, calculated as for hydrogen",p 104 (p.126),1000,24,2030,,,,,,,,,,,,,,
HighT-Molten-Salt-Power,efficiency,0.44,,25,"RTE, assume 99% for charge, and other for discharge",p.107 (p.129),1000,24,2030,,,,,,,,,,,,,,
HighT-Molten-Salt-Power,lifetime,35,years,25,,p.107 (p.129),1000,24,2030,,,,,,,,,,,,,,
HighT-Molten-Salt-Energy,lifetime,35,years,25,,p.107 (p.129),1000,24,2030,,,,,,,,,,,,,,
HighT-Molten-Salt-Energy,investment,95.5,$/kWh,25,SB and BOS,p.101 (p.123),1000,24,2021,,,,,,,,,,,,,,
HighT-Molten-Salt-Power,investment,1029,$/kW,25,Power Equipment ,p.101 (p.123),1000,24,2021,,,,,,,,,,,,,,
HighT-Molten-Salt-Energy,investment,28.65,$/kWh,25,"EPC fee, Project Development, Grid integration",p.101 (p.123),1000,24,2021,,,,,,,,,,,,,,
HighT-Molten-Salt-Energy,FOM,0.41065,$/kWh-year,25,"not provided, calculated as for hydrogen",p 104 (p.126),1000,24,2021,,,,,,,,,,,,,,
HighT-Molten-Salt-Power,FOM,4.4247,$/kW-year,25,"not provided, calculated as for hydrogen",p 104 (p.126),1000,24,2021,,,,,,,,,,,,,,
HighT-Molten-Salt-Power,efficiency,0.42,,25,"RTE, assume 99% for charge, and other for discharge",p.107 (p.129),1000,24,2021,,,,,,,,,,,,,,
HighT-Molten-Salt-Power,lifetime,35,years,25,,p.107 (p.129),1000,24,2021,,,,,,,,,,,,,,
HighT-Molten-Salt-Energy,lifetime,35,years,25,,p.107 (p.129),1000,24,2021,,,,,,,,,,,,,,
LowT-Molten-Salt-Energy,investment,50.065,$/kWh,25,"SB and BOS, 0.85 of 2021 value",p.98 (p.120),1000,24,2030,,,,,,,,,,,,,,
LowT-Molten-Salt-Power,investment,808.45,$/kW,25,"Power Equipment, 0.95 of 2021 value",p.98 (p.120),1000,24,2030,,,,,,,,,,,,,,
LowT-Molten-Salt-Energy,investment,15.0195,$/kWh,25,"EPC fee, Project Development, Grid integration",p.98 (p.120),1000,24,2030,,,,,,,,,,,,,,
LowT-Molten-Salt-Energy,FOM,0.2152795,$/kWh-year,25,"not provided, calculated as for hydrogen",p 104 (p.126),1000,24,2030,,,,,,,,,,,,,,
LowT-Molten-Salt-Power,FOM,3.476335,$/kW-year,25,"not provided, calculated as for hydrogen",p 104 (p.126),1000,24,2030,,,,,,,,,,,,,,
LowT-Molten-Salt-Power,efficiency,0.534,,25,"RTE, assume 99% for charge, and other for discharge",p.107 (p.129),1000,24,2030,,,,,,,,,,,,,,
LowT-Molten-Salt-Power,lifetime,35,years,25,,p.107 (p.129),1000,24,2030,,,,,,,,,,,,,,
LowT-Molten-Salt-Energy,lifetime,35,years,25,,p.107 (p.129),1000,24,2030,,,,,,,,,,,,,,
LowT-Molten-Salt-Energy,investment,58.9,$/kWh,25,Molten Salt SB and BOS,p.101 (p.123),1000,24,2021,,,,,,,,,,,,,,
LowT-Molten-Salt-Power,investment,834.6,$/kW,25,Power Equipment ,p.101 (p.123),1000,24,2021,,,,,,,,,,,,,,
LowT-Molten-Salt-Energy,investment,17.67,$/kWh,25,EPC fee,p.101 (p.123),1000,24,2021,,,,,,,,,,,,,,
LowT-Molten-Salt-Energy,FOM,0.25327,$/kWh-year,25,"not provided, calculated as for hydrogen",p 104 (p.126),1000,24,2021,,,,,,,,,,,,,,
LowT-Molten-Salt-Power,FOM,3.58878,$/kW-year,25,"not provided, calculated as for hydrogen",p 104 (p.126),1000,24,2021,,,,,,,,,,,,,,
LowT-Molten-Salt-Power,efficiency,0.514,,25,"RTE, assume 99% for charge, and other for discharge",p.107 (p.129),1000,24,2021,,,,,,,,,,,,,,
LowT-Molten-Salt-Power,lifetime,35,years,25,,p.107 (p.129),1000,24,2021,,,,,,,,,,,,,,
LowT-Molten-Salt-Energy,lifetime,35,years,25,,p.107 (p.129),1000,24,2021,,,,,,,,,,,,,,
Concrete-Energy,investment,20.74,$/kWh,25,"SB and BOS, 0.85 of 2021 value",p.98 (p.120),1000,24,2030,,,,,,,,,,,,,,
Concrete-Power,investment,808.45,$/kW,25,"Power Equipment, 0.95 of 2021 value",p.98 (p.120),1000,24,2030,,,,,,,,,,,,,,
Concrete-Energy,investment,6.222,$/kWh,25,"EPC fee, Project Development, Grid integration",p.98 (p.120),1000,24,2030,,,,,,,,,,,,,,
Concrete-Energy,FOM,0.089182,$/kWh-year,25,"not provided, calculated as for hydrogen",p 104 (p.126),1000,24,2030,,,,,,,,,,,,,,
Concrete-Power,FOM,3.476335,$/kW-year,25,"not provided, calculated as for hydrogen",p 104 (p.126),1000,24,2030,,,,,,,,,,,,,,
Concrete-Power,efficiency,0.43,,25,"RTE, assume 99% for charge, and other for discharge",p.107 (p.129),1000,24,2030,,,,,,,,,,,,,,
Concrete-Power,lifetime,35,years,25,,p.107 (p.129),1000,24,2030,,,,,,,,,,,,,,
Concrete-Energy,lifetime,35,years,25,,p.107 (p.129),1000,24,2030,,,,,,,,,,,,,,
Concrete-Energy,investment,24.4,$/kWh,25,Molten Salt SB and BOS,p.101 (p.123),1000,24,2021,,,,,,,,,,,,,,
Concrete-Power,investment,1029.6,$/kW,25,Power Equipment ,p.101 (p.123),1000,24,2021,,,,,,,,,,,,,,
Concrete-Energy,investment,8,$/kWh,25,EPC fee,p.101 (p.123),1000,24,2021,,,,,,,,,,,,,,
Concrete-Energy,FOM,0.10492,$/kWh-year,25,"not provided, calculated as for hydrogen",p 104 (p.126),1000,24,2021,,,,,,,,,,,,,,
Concrete-Power,FOM,4.42728,$/kW-year,25,"not provided, calculated as for hydrogen",p 104 (p.126),1000,24,2021,,,,,,,,,,,,,,
Concrete-Power,efficiency,0.41,,25,"RTE, assume 99% for charge, and other for discharge",p.107 (p.129),1000,24,2021,,,,,,,,,,,,,,
Concrete-Power,lifetime,35,years,25,,p.107 (p.129),1000,24,2021,,,,,,,,,,,,,,
Concrete-Energy,lifetime,35,years,25,,p.107 (p.129),1000,24,2021,,,,,,,,,,,,,,
